INSERT INTO SERVICE_CENTER (SID, NAME, PHONE, ADDRESS) VALUES ('S0001', 'Downtown Auto Care', '18008999999', '437 Fayetteville St., Raleigh, NC 27601');

INSERT INTO SERVICE_CENTER (SID, NAME, PHONE, ADDRESS) VALUES ('S0002', 'Express Auto Shop', '17043331555', '201 N Tryon St, Charlotte, NC 28202');

INSERT INTO HOURLY (EMPID, NAME, PHONE, POSITION, ADDRESS, SID, START_DATE, WAGE, EMAIL) VALUES ('557279280', 'Jacob Gloss', '4133359523', 'mechanic', '2014 Leverton Cove Road, Raleigh, NC 27560', 'S0001', to_date('2018-07-29', 'YYYY-MM-DD'), 30, 'jagloss@acme.com');

INSERT INTO HOURLY (EMPID, NAME, PHONE, POSITION, ADDRESS, SID, START_DATE, WAGE, EMAIL) VALUES ('183683346', 'Anthony Freeman','5634967912', 'mechanic', '1188 Summit Street, Raleigh, NC 27627', 'S0001', to_date('2015-02-09', 'YYYY-MM-DD'), 40, 'anfreeman@acme.com');

INSERT INTO HOURLY (EMPID, NAME, PHONE, POSITION, ADDRESS, SID, START_DATE, WAGE, EMAIL) VALUES ('557279281', 'Eric Fowler', '7604579846', 'mechanic', '1114 Fincham Road, Raleigh, NC 27545', 'S0001', to_date('2016-05-01', 'YYYY-MM-DD'), 35, 'erfowler@acme.com');

INSERT INTO HOURLY (EMPID, NAME, PHONE, POSITION, ADDRESS, SID, START_DATE, WAGE, EMAIL) VALUES ('557279282', 'Roland Richmond', '3829843373', 'mechanic', '1951 Little Acres Lane, Raleigh, NC 27513', 'S0001', to_date('2017-12-28', 'YYYY-MM-DD'), 30, 'rorichmond@acme.com');

INSERT INTO HOURLY (EMPID, NAME, PHONE, POSITION, ADDRESS, SID, START_DATE, WAGE, EMAIL) VALUES ('557279283', 'Peter Fitzpatrick', '3154851152', 'mechanic', '4738 Buckhannan Avenue, Raleigh, NC 27625', 'S0001', to_date('2017-04-12', 'YYYY-MM-DD'), 34, 'pefitzpatrick@acme.com');

INSERT INTO HOURLY (EMPID, NAME, PHONE, POSITION, ADDRESS, SID, START_DATE, WAGE, EMAIL) VALUES ('590424694', 'Dustin Esparza', '9564440948', 'mechanic', '3510 Hemlock Lane, Charlotte, NC 28202', 'S0002', to_date('2017-01-26', 'YYYY-MM-DD'), 35, 'duesparza@acme.com');

INSERT INTO HOURLY (EMPID, NAME, PHONE, POSITION, ADDRESS, SID, START_DATE, WAGE, EMAIL) VALUES ('401671897', 'Charles Pudilo', '6417529403', 'mechanic', '196 Park Boulevard, Charlotte, NC 28222', 'S0002', to_date('2016-07-06', 'YYYY-MM-DD'), 40, 'chpudilo@acme.com');

INSERT INTO HOURLY (EMPID, NAME, PHONE, POSITION, ADDRESS, SID, START_DATE, WAGE, EMAIL) VALUES ('310773348', 'James Rivera', '9039671809', 'mechanic', '908 Alpha Avenue, Charlotte, NC 28130', 'S0002', to_date('2013-10-29', 'YYYY-MM-DD'), 40, 'jarivera@acme.com');

INSERT INTO HOURLY (EMPID, NAME, PHONE, POSITION, ADDRESS, SID, START_DATE, WAGE, EMAIL) VALUES ('983204784', 'Willis Morton', '7578866330', 'mechanic', '404 Tenmile, Charlotte, NC 28134', 'S0002', to_date('2018-10-13', 'YYYY-MM-DD'), 30, 'wimorton@acme.com');

INSERT INTO HOURLY (EMPID, NAME, PHONE, POSITION, ADDRESS, SID, START_DATE, WAGE, EMAIL) VALUES ('187658163', 'Rickie Henderson', '9315391294', 'mechanic', '1963 Chenoweth Drive, Charlotte, NC 28228', 'S0002', to_date('2017-03-29', 'YYYY-MM-DD'), 30, 'rihenderson@acme.com');

INSERT INTO MONTHLY(EMPID, NAME, PHONE, POSITION, ADDRESS, SID, START_DATE, SALARY, EMAIL) VALUES ('950932130', 'Larry Cohen', '3169785494', 'manager', '1979 Henry Street, Raleigh, NC 27606', 'S0001', to_date('2016-08-15', 'YYYY-MM-DD'), 11000, 'lacohen@acme.com');

INSERT INTO MONTHLY(EMPID, NAME, PHONE, POSITION, ADDRESS, SID, START_DATE, SALARY, EMAIL) VALUES ('634622236', 'Willis Martin','2139882011', 'receptionist', '465 Aviation Way, Raleigh, NC 27601', 'S0001', to_date('2017-11-04','YYYY-MM-DD'), 8000, 'wimartin@acme.com');

INSERT INTO MONTHLY(EMPID, NAME, PHONE, POSITION, ADDRESS, SID, START_DATE, SALARY, EMAIL) VALUES ('291056276', 'Roderick Phillips', '9017770492', 'manager', '1133 Burton Avenue, Charlotte, NC 28201', 'S0002', to_date('2017-04-15', 'YYYY-MM-DD'), 12000, 'rophillips@acme.com');

INSERT INTO MONTHLY(EMPID, NAME, PHONE, POSITION, ADDRESS, SID, START_DATE, SALARY, EMAIL) VALUES ('911639633', 'Dena Holmes', '9723533691', 'receptionist', '1382 Whispering Pines Circle, Charlotte, NC 28205', 'S0002', to_date('2010-01-04','YYYY-MM-DD'), 9000, 'deholmes@acme.com');




INSERT INTO CUSTOMER (SID, CUSID, NAME, ADDRESS, EMAIL, PHONE) VALUES ('S0001', '1001', 'Tom Cruise', '203, Park St, Raleigh, NC - 27603', 'ethanhunt@gmail.com', '1234567890');

INSERT INTO CUSTOMER (SID, CUSID, NAME, ADDRESS, EMAIL, PHONE) VALUES ('S0001', '1002', 'Robert Downey Jr.', '12-A, High St, Raleigh, NC - 27605', 'jarvis@gmail.com', '9989877791');

INSERT INTO CUSTOMER (SID, CUSID, NAME, ADDRESS, EMAIL, PHONE) VALUES ('S0002', '1003', 'Taylor Swift', '2A, 3rd Ave, Charlotte, NC - 28134', 'lovestory@gmail.com', '8179827199');

INSERT INTO CUSTOMER (SID, CUSID, NAME, ADDRESS, EMAIL, PHONE) VALUES ('S0002', '1004', 'Serena Williams', '90, Gorman St, Charlotte, NC - 28201', 'venus@gmail.com',  '8714791879');

INSERT INTO MAKE (MAKE_NAME) VALUES ('Toyota');

INSERT INTO MAKE (MAKE_NAME) VALUES ('Honda');

INSERT INTO MAKE (MAKE_NAME) VALUES ('Nissan');



INSERT INTO MODEL VALUES('Corolla','Toyota');
INSERT INTO MODEL VALUES('Prius','Toyota');
INSERT INTO MODEL VALUES('Civic','Honda');
INSERT INTO MODEL VALUES('Accord','Honda');
INSERT INTO MODEL VALUES('Altima','Nissan');
INSERT INTO MODEL VALUES('Rogue','Nissan');



INSERT INTO CAR (CUSID, LICENSE_PLATE, MAKE_NAME, MODEL, YEAR, PURCHASE_DATE,CURRENT_MILEAGE, LAST_SERVICE_DATE) VALUES (1001, 'XYZ-5643', 'Honda', 'Civic', 2009, to_date('2009-12-24', 'YYYY-MM-DD'), 90452,  to_date('2018-09-10', 'YYYY-MM-DD') );

INSERT INTO CAR (CUSID, LICENSE_PLATE, MAKE_NAME, MODEL, YEAR, PURCHASE_DATE,CURRENT_MILEAGE, LAST_SERVICE_DATE) VALUES (1001, 'AHS-3132', 'Toyota', 'Prius', 2007, to_date('2011-01-02', 'YYYY-MM-DD'),65452, to_date('2018-08-06', 'YYYY-MM-DD') );

INSERT INTO CAR (CUSID, LICENSE_PLATE, MAKE_NAME, MODEL, YEAR, PURCHASE_DATE, CURRENT_MILEAGE, LAST_SERVICE_DATE) VALUES (1002, 'IRM-1212', 'Nissan', 'Altima', 2001, to_date('2002-09-07', 'YYYY-MM-DD'), 210452, to_date('2018-02-11', 'YYYY-MM-DD'));

INSERT INTO CAR (CUSID, LICENSE_PLATE, MAKE_NAME, MODEL, YEAR, PURCHASE_DATE) VALUES (1003, 'TSW-3462', 'Honda', 'Accord', 2015, to_date('2015-12-09', 'YYYY-MM-DD'));

INSERT INTO CAR (CUSID, LICENSE_PLATE, MAKE_NAME, MODEL, YEAR, PURCHASE_DATE,CURRENT_MILEAGE, LAST_SERVICE_DATE) VALUES (1003, 'DEL-8888', 'Nissan', 'Rogue', 2014, to_date('2016-05-11', 'YYYY-MM-DD'), 31209, to_date('2018-02-11', 'YYYY-MM-DD') );

INSERT INTO CAR (CUSID, LICENSE_PLATE, MAKE_NAME, MODEL, YEAR, PURCHASE_DATE, CURRENT_MILEAGE, LAST_SERVICE_DATE) VALUES (1004, 'P11-212A', 'Honda', 'Accord', 2009, to_date('2010-04-14', 'YYYY-MM-DD'), 60452, to_date('2017-09-01', 'YYYY-MM-DD') );

INSERT INTO CAR (CUSID, LICENSE_PLATE, MAKE_NAME, MODEL, YEAR, PURCHASE_DATE, CURRENT_MILEAGE, LAST_SERVICE_DATE) VALUES (1004, 'WIM-BLE5', 'Toyota', 'Prius', 2013, to_date('2014-03-01', 'YYYY-MM-DD'), 19876, to_date('2016-11-11', 'YYYY-MM-DD'));



INSERT INTO PART_TYPE(PARTID, MAKE_NAME, NAME,PRICE) VALUES('P0001','Honda','Air Filter', 59);
INSERT INTO PART_TYPE(PARTID, MAKE_NAME, NAME, WARRANTY,PRICE) VALUES('P0002','Honda','Axel Rod',2,141);
INSERT INTO PART_TYPE(PARTID, MAKE_NAME, NAME, WARRANTY,PRICE) VALUES('P0003','Honda','Battery',3,79);
INSERT INTO PART_TYPE(PARTID, MAKE_NAME, NAME,PRICE) VALUES('P0004','Honda','Brake Fluid', 75);
INSERT INTO PART_TYPE(PARTID, MAKE_NAME, NAME, WARRANTY,PRICE) VALUES('P0005','Honda','Brake Shoes',3, 41);
INSERT INTO PART_TYPE(PARTID, MAKE_NAME, NAME, WARRANTY, PRICE) VALUES('P0006','Honda','Camshaft',2, 511);
INSERT INTO PART_TYPE(PARTID, MAKE_NAME, NAME, WARRANTY,PRICE) VALUES('P0007','Honda','Catalytic converter',2, 716);
INSERT INTO PART_TYPE(PARTID, MAKE_NAME, NAME,PRICE) VALUES('P0008','Honda','Coolant', 10);
INSERT INTO PART_TYPE(PARTID, MAKE_NAME, NAME, WARRANTY, PRICE) VALUES('P0009','Honda','Drive belt',1, 1443);
INSERT INTO PART_TYPE(PARTID, MAKE_NAME, NAME,PRICE) VALUES('P0010','Honda','Engine oil',27);
INSERT INTO PART_TYPE(PARTID, MAKE_NAME, NAME, WARRANTY,PRICE) VALUES('P0011','Honda','Gears',3, 1344);
INSERT INTO PART_TYPE(PARTID, MAKE_NAME, NAME, WARRANTY,PRICE) VALUES('P0012','Honda','Headlight Assembly',2, 1342);
INSERT INTO PART_TYPE(PARTID, MAKE_NAME, NAME, WARRANTY,PRICE) VALUES('P0013','Honda','Tail light Assembly',2, 1342);
INSERT INTO PART_TYPE(PARTID, MAKE_NAME, NAME, WARRANTY,PRICE) VALUES('P0014','Honda','Turn light Assembly',2, 1342);
INSERT INTO PART_TYPE(PARTID, MAKE_NAME, NAME,PRICE) VALUES('P0015','Honda','Oil Filter', 42);
INSERT INTO PART_TYPE(PARTID, MAKE_NAME, NAME, WARRANTY,PRICE) VALUES('P0016','Honda','Piston',1, 1145);
INSERT INTO PART_TYPE(PARTID, MAKE_NAME, NAME,PRICE) VALUES('P0017','Honda','Power Steering Fluid', 24);
INSERT INTO PART_TYPE(PARTID, MAKE_NAME, NAME, WARRANTY,PRICE) VALUES('P0018','Honda','Spark plug',2, 50);
INSERT INTO PART_TYPE(PARTID, MAKE_NAME, NAME,PRICE) VALUES('P0019','Honda','Suspension fluid', 77);
INSERT INTO PART_TYPE(PARTID, MAKE_NAME, NAME, WARRANTY,PRICE) VALUES('P0020','Honda','Valve',2, 1261);
INSERT INTO PART_TYPE(PARTID, MAKE_NAME, NAME,PRICE) VALUES('P0021','Honda','Wiper Fluid', 56);





INSERT INTO PART_TYPE(PARTID, MAKE_NAME, NAME,PRICE) VALUES('P0022','Toyota','Air Filter', 11);
INSERT INTO PART_TYPE(PARTID, MAKE_NAME, NAME, WARRANTY,PRICE) VALUES('P0023','Toyota','Axel Rod',2,123);
INSERT INTO PART_TYPE(PARTID, MAKE_NAME, NAME, WARRANTY,PRICE) VALUES('P0024','Toyota','Battery',6, 63);
INSERT INTO PART_TYPE(PARTID, MAKE_NAME, NAME,PRICE) VALUES('P0025','Toyota','Brake Fluid', 24);
INSERT INTO PART_TYPE(PARTID, MAKE_NAME, NAME, WARRANTY,PRICE) VALUES('P0026','Toyota','Brake Shoes',2,62);
INSERT INTO PART_TYPE(PARTID, MAKE_NAME, NAME, WARRANTY,PRICE) VALUES('P0027','Toyota','Camshaft',3,1428);
INSERT INTO PART_TYPE(PARTID, MAKE_NAME, NAME, WARRANTY,PRICE) VALUES('P0028','Toyota','Catalytic converter',1,801);
INSERT INTO PART_TYPE(PARTID, MAKE_NAME, NAME,PRICE) VALUES('P0029','Toyota','Coolant',63);
INSERT INTO PART_TYPE(PARTID, MAKE_NAME, NAME, WARRANTY,PRICE) VALUES('P0030','Toyota','Drive belt',1,528);
INSERT INTO PART_TYPE(PARTID, MAKE_NAME, NAME,PRICE) VALUES('P0031','Toyota','Engine oil',63);
INSERT INTO PART_TYPE(PARTID, MAKE_NAME, NAME, WARRANTY,PRICE) VALUES('P0032','Toyota','Gears',1,523);
INSERT INTO PART_TYPE(PARTID, MAKE_NAME, NAME, WARRANTY,PRICE) VALUES('P0033','Toyota','Headlight Assembly',2,617);
INSERT INTO PART_TYPE(PARTID, MAKE_NAME, NAME, WARRANTY,PRICE) VALUES('P0034','Toyota','Tail light Assembly',2,617);
INSERT INTO PART_TYPE(PARTID, MAKE_NAME, NAME, WARRANTY,PRICE) VALUES('P0035','Toyota','Turn light Assembly',2,617);
INSERT INTO PART_TYPE(PARTID, MAKE_NAME, NAME,PRICE) VALUES('P0036','Toyota','Oil Filter',36);
INSERT INTO PART_TYPE(PARTID, MAKE_NAME, NAME, WARRANTY,PRICE) VALUES('P0037','Toyota','Piston',1,1256);
INSERT INTO PART_TYPE(PARTID, MAKE_NAME, NAME,PRICE) VALUES('P0038','Toyota','Power Steering Fluid',17);
INSERT INTO PART_TYPE(PARTID, MAKE_NAME, NAME, WARRANTY,PRICE) VALUES('P0039','Toyota','Spark plug',2, 64);
INSERT INTO PART_TYPE(PARTID, MAKE_NAME, NAME,PRICE) VALUES('P0040','Toyota','Suspension fluid',70);
INSERT INTO PART_TYPE(PARTID, MAKE_NAME, NAME, WARRANTY,PRICE) VALUES('P0041','Toyota','Valve',1,1338);
INSERT INTO PART_TYPE(PARTID, MAKE_NAME, NAME,PRICE) VALUES('P0042','Toyota','Wiper Fluid', 28);






INSERT INTO PART_TYPE(PARTID, MAKE_NAME, NAME,PRICE) VALUES('P0043','Nissan','Air Filter',61);
INSERT INTO PART_TYPE(PARTID, MAKE_NAME, NAME, WARRANTY,PRICE) VALUES('P0044','Nissan','Axel Rod',3,241);
INSERT INTO PART_TYPE(PARTID, MAKE_NAME, NAME, WARRANTY,PRICE) VALUES('P0045','Nissan','Battery',3, 14);
INSERT INTO PART_TYPE(PARTID, MAKE_NAME, NAME,PRICE) VALUES('P0046','Nissan','Brake Fluid', 16);
INSERT INTO PART_TYPE(PARTID, MAKE_NAME, NAME, WARRANTY,PRICE) VALUES('P0047','Nissan','Brake Shoes',1, 47);
INSERT INTO PART_TYPE(PARTID, MAKE_NAME, NAME, WARRANTY,PRICE) VALUES('P0048','Nissan','Camshaft',2, 1295);
INSERT INTO PART_TYPE(PARTID, MAKE_NAME, NAME, WARRANTY,PRICE) VALUES('P0049','Nissan','Catalytic converter',1,589);
INSERT INTO PART_TYPE(PARTID, MAKE_NAME, NAME,PRICE) VALUES('P0050','Nissan','Coolant',39);
INSERT INTO PART_TYPE(PARTID, MAKE_NAME, NAME, WARRANTY,PRICE) VALUES('P0051','Nissan','Drive belt',3,1084);
INSERT INTO PART_TYPE(PARTID, MAKE_NAME, NAME,PRICE) VALUES('P0052','Nissan','Engine oil',14);
INSERT INTO PART_TYPE(PARTID, MAKE_NAME, NAME, WARRANTY,PRICE) VALUES('P0053','Nissan','Gears',3,1176);
INSERT INTO PART_TYPE(PARTID, MAKE_NAME, NAME, WARRANTY,PRICE) VALUES('P0054','Nissan','Headlight Assembly',2,1367);
INSERT INTO PART_TYPE(PARTID, MAKE_NAME, NAME, WARRANTY,PRICE) VALUES('P0055','Nissan','Tail light Assembly',2,1367);
INSERT INTO PART_TYPE(PARTID, MAKE_NAME, NAME, WARRANTY,PRICE) VALUES('P0056','Nissan','Turn light Assembly',2,1367);
INSERT INTO PART_TYPE(PARTID, MAKE_NAME, NAME,PRICE) VALUES('P0057','Nissan','Oil Filter',61);
INSERT INTO PART_TYPE(PARTID, MAKE_NAME, NAME, WARRANTY,PRICE) VALUES('P0058','Nissan','Piston',3, 1341);
INSERT INTO PART_TYPE(PARTID, MAKE_NAME, NAME,PRICE) VALUES('P0059','Nissan','Power Steering Fluid',20);
INSERT INTO PART_TYPE(PARTID, MAKE_NAME, NAME, WARRANTY,PRICE) VALUES('P0060','Nissan','Spark plug',1,11);
INSERT INTO PART_TYPE(PARTID, MAKE_NAME, NAME,PRICE) VALUES('P0061','Nissan','Suspension fluid',32);
INSERT INTO PART_TYPE(PARTID, MAKE_NAME, NAME, WARRANTY,PRICE) VALUES('P0062','Nissan','Valve',1,1013);
INSERT INTO PART_TYPE(PARTID, MAKE_NAME, NAME,PRICE) VALUES('P0063','Nissan','Wiper Fluid',31);



INSERT INTO PART_ORDER(ORDERID, PARTID, PLACED_BY, STATUS, QUANTITY, PO_DATE) VALUES('O0001','P0024','S0001','Complete',5,to_date('2014-06-09', 'YYYY-MM-DD'));
INSERT INTO PART_ORDER(ORDERID, PARTID, PLACED_BY, STATUS, QUANTITY, PO_DATE) VALUES('O0002','P0021','S0001','Complete',5,to_date('2015-09-16', 'YYYY-MM-DD'));
INSERT INTO PART_ORDER(ORDERID, PARTID, PLACED_BY, STATUS, QUANTITY, PO_DATE) VALUES('O0003','P0011','S0002','Complete',5,to_date('2016-02-10', 'YYYY-MM-DD'));
INSERT INTO PART_ORDER(ORDERID, PARTID, PLACED_BY, STATUS, QUANTITY, PO_DATE) VALUES('O0004','P0050','S0001','Complete',4,to_date('2017-08-09', 'YYYY-MM-DD'));
INSERT INTO PART_ORDER(ORDERID, PARTID, PLACED_BY, STATUS, QUANTITY, PO_DATE) VALUES('O0005','P0022','S0002','Complete',6,to_date('2018-10-04', 'YYYY-MM-DD'));
INSERT INTO PART_ORDER(ORDERID, PARTID, PLACED_BY, STATUS, QUANTITY, PO_DATE) VALUES('O0006','P0048','S0001','Complete',5,to_date('2018-10-26', 'YYYY-MM-DD'));
INSERT INTO PART_ORDER(ORDERID, PARTID, PLACED_BY, STATUS, QUANTITY, PO_DATE) VALUES('O0007','P0021','S0002','Pending',7,to_date('2018-11-07', 'YYYY-MM-DD'));
INSERT INTO PART_ORDER(ORDERID, PARTID, PLACED_BY, STATUS, QUANTITY, PO_DATE) VALUES('O0008','P0002','S0002','Pending',12,to_date('2018-11-07', 'YYYY-MM-DD'));
INSERT INTO PART_ORDER(ORDERID, PARTID, PLACED_BY, STATUS, QUANTITY, PO_DATE) VALUES('O0009','P0006','S0002','Pending',6,to_date('2018-11-08', 'YYYY-MM-DD'));
INSERT INTO PART_ORDER(ORDERID, PARTID, PLACED_BY, STATUS, QUANTITY, PO_DATE) VALUES('O0010','P0015','S0002','Pending',5,to_date('2018-11-08', 'YYYY-MM-DD'));
INSERT INTO PART_ORDER(ORDERID, PARTID, PLACED_BY, STATUS, QUANTITY, PO_DATE) VALUES('O0011','P0004','S0002','Pending',5,to_date('2018-11-08', 'YYYY-MM-DD'));




INSERT INTO DISTRIBUTOR(DISTID, NAME) VALUES ('D0001', 'D1');
INSERT INTO DISTRIBUTOR(DISTID, NAME) VALUES ('D0002', 'D2');



INSERT INTO WINDOWS(PARTID, DISTID) VALUES ('P0001', 'D0001');
INSERT INTO WINDOWS(PARTID, DISTID, DELIVERY_WINDOW) VALUES ('P0001', 'D0002', 3);
INSERT INTO WINDOWS(PARTID, DISTID, DELIVERY_WINDOW) VALUES ('P0002', 'D0001', 5);
INSERT INTO WINDOWS(PARTID, DISTID) VALUES ('P0002', 'D0002');
INSERT INTO WINDOWS(PARTID, DISTID, DELIVERY_WINDOW) VALUES ('P0003', 'D0001', 4);
INSERT INTO WINDOWS(PARTID, DISTID) VALUES ('P0003', 'D0002');
INSERT INTO WINDOWS(PARTID, DISTID) VALUES ('P0004', 'D0001');
INSERT INTO WINDOWS(PARTID, DISTID, DELIVERY_WINDOW) VALUES ('P0004', 'D0002', 4);
INSERT INTO WINDOWS(PARTID, DISTID) VALUES ('P0005', 'D0001');
INSERT INTO WINDOWS(PARTID, DISTID, DELIVERY_WINDOW) VALUES ('P0005', 'D0002', 5);
INSERT INTO WINDOWS(PARTID, DISTID, DELIVERY_WINDOW) VALUES ('P0006', 'D0001', 4);
INSERT INTO WINDOWS(PARTID, DISTID) VALUES ('P0006', 'D0002');
INSERT INTO WINDOWS(PARTID, DISTID) VALUES ('P0007', 'D0001');
INSERT INTO WINDOWS(PARTID, DISTID, DELIVERY_WINDOW) VALUES ('P0007', 'D0002', 3);
INSERT INTO WINDOWS(PARTID, DISTID) VALUES ('P0008', 'D0001');
INSERT INTO WINDOWS(PARTID, DISTID, DELIVERY_WINDOW) VALUES ('P0008', 'D0002',4);
INSERT INTO WINDOWS(PARTID, DISTID) VALUES ('P0009', 'D0001');
INSERT INTO WINDOWS(PARTID, DISTID, DELIVERY_WINDOW) VALUES ('P0009', 'D0002', 2);
INSERT INTO WINDOWS(PARTID, DISTID, DELIVERY_WINDOW) VALUES ('P0010', 'D0001', 2);
INSERT INTO WINDOWS(PARTID, DISTID, DELIVERY_WINDOW) VALUES ('P0010', 'D0002', 2);
INSERT INTO WINDOWS(PARTID, DISTID, DELIVERY_WINDOW) VALUES ('P0011', 'D0001', 5);
INSERT INTO WINDOWS(PARTID, DISTID) VALUES ('P0011', 'D0002');
INSERT INTO WINDOWS(PARTID, DISTID, DELIVERY_WINDOW) VALUES ('P0012', 'D0001', 3);
INSERT INTO WINDOWS(PARTID, DISTID) VALUES ('P0012', 'D0002');
INSERT INTO WINDOWS(PARTID, DISTID, DELIVERY_WINDOW) VALUES ('P0013', 'D0001', 3);
INSERT INTO WINDOWS(PARTID, DISTID) VALUES ('P0013', 'D0002');
INSERT INTO WINDOWS(PARTID, DISTID, DELIVERY_WINDOW) VALUES ('P0014', 'D0001', 3);
INSERT INTO WINDOWS(PARTID, DISTID) VALUES ('P0014', 'D0002');
INSERT INTO WINDOWS(PARTID, DISTID, DELIVERY_WINDOW) VALUES ('P0015', 'D0001', 4);
INSERT INTO WINDOWS(PARTID, DISTID) VALUES ('P0015', 'D0002');
INSERT INTO WINDOWS(PARTID, DISTID, DELIVERY_WINDOW) VALUES ('P0016', 'D0001', 2);
INSERT INTO WINDOWS(PARTID, DISTID) VALUES ('P0016', 'D0002');
INSERT INTO WINDOWS(PARTID, DISTID, DELIVERY_WINDOW) VALUES ('P0017', 'D0001', 5);
INSERT INTO WINDOWS(PARTID, DISTID) VALUES ('P0017', 'D0002');
INSERT INTO WINDOWS(PARTID, DISTID) VALUES ('P0018', 'D0001');
INSERT INTO WINDOWS(PARTID, DISTID, DELIVERY_WINDOW) VALUES ('P0018', 'D0002', 5);
INSERT INTO WINDOWS(PARTID, DISTID) VALUES ('P0019', 'D0001');
INSERT INTO WINDOWS(PARTID, DISTID, DELIVERY_WINDOW) VALUES ('P0019', 'D0002', 3);
INSERT INTO WINDOWS(PARTID, DISTID, DELIVERY_WINDOW) VALUES ('P0020', 'D0001', 3);
INSERT INTO WINDOWS(PARTID, DISTID) VALUES ('P0020', 'D0002');
INSERT INTO WINDOWS(PARTID, DISTID) VALUES ('P0021', 'D0001');
INSERT INTO WINDOWS(PARTID, DISTID, DELIVERY_WINDOW) VALUES ('P0021', 'D0002', 3);




INSERT INTO WINDOWS(PARTID, DISTID) VALUES ('P0022', 'D0001');
INSERT INTO WINDOWS(PARTID, DISTID, DELIVERY_WINDOW) VALUES ('P0022', 'D0002', 3);
INSERT INTO WINDOWS(PARTID, DISTID, DELIVERY_WINDOW) VALUES ('P0023', 'D0001', 5);
INSERT INTO WINDOWS(PARTID, DISTID) VALUES ('P0023', 'D0002');
INSERT INTO WINDOWS(PARTID, DISTID, DELIVERY_WINDOW) VALUES ('P0024', 'D0001', 4);
INSERT INTO WINDOWS(PARTID, DISTID) VALUES ('P0024', 'D0002');
INSERT INTO WINDOWS(PARTID, DISTID) VALUES ('P0025', 'D0001');
INSERT INTO WINDOWS(PARTID, DISTID, DELIVERY_WINDOW) VALUES ('P0025', 'D0002', 4);
INSERT INTO WINDOWS(PARTID, DISTID) VALUES ('P0026', 'D0001');
INSERT INTO WINDOWS(PARTID, DISTID, DELIVERY_WINDOW) VALUES ('P0026', 'D0002', 5);
INSERT INTO WINDOWS(PARTID, DISTID, DELIVERY_WINDOW) VALUES ('P0027', 'D0001', 4);
INSERT INTO WINDOWS(PARTID, DISTID) VALUES ('P0027', 'D0002');
INSERT INTO WINDOWS(PARTID, DISTID) VALUES ('P0028', 'D0001');
INSERT INTO WINDOWS(PARTID, DISTID, DELIVERY_WINDOW) VALUES ('P0028', 'D0002', 3);
INSERT INTO WINDOWS(PARTID, DISTID) VALUES ('P0029', 'D0001');
INSERT INTO WINDOWS(PARTID, DISTID, DELIVERY_WINDOW) VALUES ('P0029', 'D0002', 4);
INSERT INTO WINDOWS(PARTID, DISTID) VALUES ('P0030', 'D0001');
INSERT INTO WINDOWS(PARTID, DISTID, DELIVERY_WINDOW) VALUES ('P0030', 'D0002', 2);
INSERT INTO WINDOWS(PARTID, DISTID, DELIVERY_WINDOW) VALUES ('P0031', 'D0001', 2);
INSERT INTO WINDOWS(PARTID, DISTID, DELIVERY_WINDOW) VALUES ('P0031', 'D0002', 2);
INSERT INTO WINDOWS(PARTID, DISTID, DELIVERY_WINDOW) VALUES ('P0032', 'D0001', 5);
INSERT INTO WINDOWS(PARTID, DISTID) VALUES ('P0032', 'D0002');
INSERT INTO WINDOWS(PARTID, DISTID, DELIVERY_WINDOW) VALUES ('P0033', 'D0001', 3);
INSERT INTO WINDOWS(PARTID, DISTID) VALUES ('P0033', 'D0002');
INSERT INTO WINDOWS(PARTID, DISTID, DELIVERY_WINDOW) VALUES ('P0034', 'D0001', 3);
INSERT INTO WINDOWS(PARTID, DISTID) VALUES ('P0034', 'D0002');
INSERT INTO WINDOWS(PARTID, DISTID, DELIVERY_WINDOW) VALUES ('P0035', 'D0001', 3);
INSERT INTO WINDOWS(PARTID, DISTID) VALUES ('P0035', 'D0002');
INSERT INTO WINDOWS(PARTID, DISTID, DELIVERY_WINDOW) VALUES ('P0036', 'D0001', 4);
INSERT INTO WINDOWS(PARTID, DISTID) VALUES ('P0036', 'D0002');
INSERT INTO WINDOWS(PARTID, DISTID, DELIVERY_WINDOW) VALUES ('P0037', 'D0001', 2);
INSERT INTO WINDOWS(PARTID, DISTID) VALUES ('P0037', 'D0002');
INSERT INTO WINDOWS(PARTID, DISTID, DELIVERY_WINDOW) VALUES ('P0038', 'D0001', 5);
INSERT INTO WINDOWS(PARTID, DISTID) VALUES ('P0038', 'D0002');
INSERT INTO WINDOWS(PARTID, DISTID) VALUES ('P0039', 'D0001');
INSERT INTO WINDOWS(PARTID, DISTID, DELIVERY_WINDOW) VALUES ('P0039', 'D0002', 5);
INSERT INTO WINDOWS(PARTID, DISTID) VALUES ('P0040', 'D0001');
INSERT INTO WINDOWS(PARTID, DISTID, DELIVERY_WINDOW) VALUES ('P0040', 'D0002', 3);
INSERT INTO WINDOWS(PARTID, DISTID, DELIVERY_WINDOW) VALUES ('P0041', 'D0001', 3);
INSERT INTO WINDOWS(PARTID, DISTID) VALUES ('P0041', 'D0002');
INSERT INTO WINDOWS(PARTID, DISTID) VALUES ('P0042', 'D0001');
INSERT INTO WINDOWS(PARTID, DISTID, DELIVERY_WINDOW) VALUES ('P0042', 'D0002', 3);


INSERT INTO WINDOWS(PARTID, DISTID) VALUES ('P0043', 'D0001');
INSERT INTO WINDOWS(PARTID, DISTID, DELIVERY_WINDOW) VALUES ('P0043', 'D0002', 3);
INSERT INTO WINDOWS(PARTID, DISTID, DELIVERY_WINDOW) VALUES ('P0044', 'D0001', 5);
INSERT INTO WINDOWS(PARTID, DISTID) VALUES ('P0044', 'D0002');
INSERT INTO WINDOWS(PARTID, DISTID, DELIVERY_WINDOW) VALUES ('P0045', 'D0001', 4);
INSERT INTO WINDOWS(PARTID, DISTID) VALUES ('P0045', 'D0002');
INSERT INTO WINDOWS(PARTID, DISTID) VALUES ('P0046', 'D0001');
INSERT INTO WINDOWS(PARTID, DISTID, DELIVERY_WINDOW) VALUES ('P0046', 'D0002', 4);
INSERT INTO WINDOWS(PARTID, DISTID) VALUES ('P0047', 'D0001');
INSERT INTO WINDOWS(PARTID, DISTID, DELIVERY_WINDOW) VALUES ('P0047', 'D0002', 5);
INSERT INTO WINDOWS(PARTID, DISTID, DELIVERY_WINDOW) VALUES ('P0048', 'D0001', 4);
INSERT INTO WINDOWS(PARTID, DISTID) VALUES ('P0048', 'D0002');
INSERT INTO WINDOWS(PARTID, DISTID) VALUES ('P0049', 'D0001');
INSERT INTO WINDOWS(PARTID, DISTID, DELIVERY_WINDOW) VALUES ('P0049', 'D0002', 3);
INSERT INTO WINDOWS(PARTID, DISTID) VALUES ('P0050', 'D0001');
INSERT INTO WINDOWS(PARTID, DISTID, DELIVERY_WINDOW) VALUES ('P0050', 'D0002', 4);
INSERT INTO WINDOWS(PARTID, DISTID) VALUES ('P0051', 'D0001');
INSERT INTO WINDOWS(PARTID, DISTID, DELIVERY_WINDOW) VALUES ('P0051', 'D0002', 2);
INSERT INTO WINDOWS(PARTID, DISTID, DELIVERY_WINDOW) VALUES ('P0052', 'D0001', 2);
INSERT INTO WINDOWS(PARTID, DISTID, DELIVERY_WINDOW) VALUES ('P0052', 'D0002', 2);
INSERT INTO WINDOWS(PARTID, DISTID, DELIVERY_WINDOW) VALUES ('P0053', 'D0001', 5);
INSERT INTO WINDOWS(PARTID, DISTID) VALUES ('P0053', 'D0002');
INSERT INTO WINDOWS(PARTID, DISTID, DELIVERY_WINDOW) VALUES ('P0054', 'D0001', 3);
INSERT INTO WINDOWS(PARTID, DISTID) VALUES ('P0054', 'D0002');
INSERT INTO WINDOWS(PARTID, DISTID, DELIVERY_WINDOW) VALUES ('P0055', 'D0001', 3);
INSERT INTO WINDOWS(PARTID, DISTID) VALUES ('P0055', 'D0002');
INSERT INTO WINDOWS(PARTID, DISTID, DELIVERY_WINDOW) VALUES ('P0056', 'D0001', 3);
INSERT INTO WINDOWS(PARTID, DISTID) VALUES ('P0056', 'D0002');
INSERT INTO WINDOWS(PARTID, DISTID, DELIVERY_WINDOW) VALUES ('P0057', 'D0001', 4);
INSERT INTO WINDOWS(PARTID, DISTID) VALUES ('P0057', 'D0002');
INSERT INTO WINDOWS(PARTID, DISTID, DELIVERY_WINDOW) VALUES ('P0058', 'D0001', 2);
INSERT INTO WINDOWS(PARTID, DISTID) VALUES ('P0058', 'D0002');
INSERT INTO WINDOWS(PARTID, DISTID, DELIVERY_WINDOW) VALUES ('P0059', 'D0001', 5);
INSERT INTO WINDOWS(PARTID, DISTID) VALUES ('P0059', 'D0002');
INSERT INTO WINDOWS(PARTID, DISTID) VALUES ('P0060', 'D0001');
INSERT INTO WINDOWS(PARTID, DISTID, DELIVERY_WINDOW) VALUES ('P0060', 'D0002', 5);
INSERT INTO WINDOWS(PARTID, DISTID) VALUES ('P0061', 'D0001');
INSERT INTO WINDOWS(PARTID, DISTID, DELIVERY_WINDOW) VALUES ('P0061', 'D0002', 3);
INSERT INTO WINDOWS(PARTID, DISTID, DELIVERY_WINDOW) VALUES ('P0062', 'D0001', 3);
INSERT INTO WINDOWS(PARTID, DISTID) VALUES ('P0062', 'D0002');
INSERT INTO WINDOWS(PARTID, DISTID) VALUES ('P0063', 'D0001');
INSERT INTO WINDOWS(PARTID, DISTID, DELIVERY_WINDOW) VALUES ('P0063', 'D0002', 3);



INSERT INTO REQUEST(REQID,REQ_DATE,MILEAGE,LICENSE_PLATE,CUSID,EMPID,SID) VALUES('R0001', to_date('2014-06-15 08:30:00', 'yyyy-mm-dd hh24:mi:ss'), 60452 ,'P11-212A', 1004, 310773348, 'S0002');
INSERT INTO REQUEST(REQID,REQ_DATE,MILEAGE,LICENSE_PLATE,CUSID,EMPID,SID) VALUES('R0002',to_date('2015-09-30 11:00:00', 'yyyy-mm-dd hh24:mi:ss'),19876,'WIM-BLE5',1004,401671897,'S0002');
INSERT INTO REQUEST(REQID,REQ_DATE,MILEAGE,LICENSE_PLATE,CUSID,EMPID,SID) VALUES('R0003',to_date('2016-01-02 14:00:00', 'yyyy-mm-dd hh24:mi:ss'),19876,'WIM-BLE5',1004,401671897,'S0002');
INSERT INTO REQUEST(REQID,REQ_DATE,MILEAGE,LICENSE_PLATE,CUSID,EMPID,SID) VALUES('R0004',to_date('2016-11-05 09:00:00', 'yyyy-mm-dd hh24:mi:ss'),31209,'DEL-8888',1003,401671897,'S0002');
INSERT INTO REQUEST(REQID,REQ_DATE,MILEAGE,LICENSE_PLATE,CUSID,EMPID,SID) VALUES('R0005',to_date('2016-11-11 08:30:00', 'yyyy-mm-dd hh24:mi:ss'),19876,'WIM-BLE5',1004,310773348,'S0002');
INSERT INTO REQUEST(REQID,REQ_DATE,MILEAGE,LICENSE_PLATE,CUSID,EMPID,SID) VALUES('R0006',to_date('2017-01-20 10:00:00', 'yyyy-mm-dd hh24:mi:ss'),210452,'IRM-1212',1002,557279281,'S0001');
INSERT INTO REQUEST(REQID,REQ_DATE,MILEAGE,LICENSE_PLATE,CUSID,EMPID,SID) VALUES('R0007',to_date('2017-09-01 9:00:00', 'yyyy-mm-dd hh24:mi:ss'),60452,'P11-212A',1004,590424694,'S0002');
INSERT INTO REQUEST(REQID,REQ_DATE,MILEAGE,LICENSE_PLATE,CUSID,EMPID,SID) VALUES('R0008',to_date('2017-10-15 08:00:00', 'yyyy-mm-dd hh24:mi:ss'),90452,'XYZ-5643',1001,183683346,'S0001');
INSERT INTO REQUEST(REQID,REQ_DATE,MILEAGE,LICENSE_PLATE,CUSID,EMPID,SID) VALUES('R0009',to_date('2017-12-10 09:30:00', 'yyyy-mm-dd hh24:mi:ss'),210452,'IRM-1212',1002,557279281,'S0001');
INSERT INTO REQUEST(REQID,REQ_DATE,MILEAGE,LICENSE_PLATE,CUSID,EMPID,SID) VALUES('R0010',to_date('2018-01-28 12:00:00', 'yyyy-mm-dd hh24:mi:ss'),65452,'AHS-3132',1001,557279283,'S0001');
INSERT INTO REQUEST(REQID,REQ_DATE,MILEAGE,LICENSE_PLATE,CUSID,EMPID,SID) VALUES('R0011',to_date('2018-02-11 08:30:00', 'yyyy-mm-dd hh24:mi:ss'),210452,'IRM-1212',1002,557279281,'S0001');
INSERT INTO REQUEST(REQID,REQ_DATE,MILEAGE,LICENSE_PLATE,CUSID,EMPID,SID) VALUES('R0012',to_date('2018-02-11 08:30:00', 'yyyy-mm-dd hh24:mi:ss'),31209,'DEL-8888',1003,187658163,'S0002');
INSERT INTO REQUEST(REQID,REQ_DATE,MILEAGE,LICENSE_PLATE,CUSID,EMPID,SID) VALUES('R0013',to_date('2018-02-25 09:00:00', 'yyyy-mm-dd hh24:mi:ss'),90452,'XYZ-5643',1001,557279281,'S0001');
INSERT INTO REQUEST(REQID,REQ_DATE,MILEAGE,LICENSE_PLATE,CUSID,EMPID,SID) VALUES('R0014',to_date('2018-05-15 10:30:00', 'yyyy-mm-dd hh24:mi:ss'),65452,'AHS-3132',1001,557279283,'S0001');
INSERT INTO REQUEST(REQID,REQ_DATE,MILEAGE,LICENSE_PLATE,CUSID,EMPID,SID) VALUES('R0015',to_date('2018-08-06 08:00:00', 'yyyy-mm-dd hh24:mi:ss'),65452,'AHS-3132',1001,557279282,'S0001');
INSERT INTO REQUEST(REQID,REQ_DATE,MILEAGE,LICENSE_PLATE,CUSID,EMPID,SID) VALUES('R0016',to_date('2018-09-10 10:00:00', 'yyyy-mm-dd hh24:mi:ss'),90452,'XYZ-5643',1001,557279280,'S0001');




INSERT INTO MAINTENANCE_SERVICE(REQID,CATEGORYNAME) VALUES ('R0001', 'A');
INSERT INTO MAINTENANCE_SERVICE(REQID,CATEGORYNAME) VALUES ('R0005', 'A');
INSERT INTO MAINTENANCE_SERVICE(REQID,CATEGORYNAME) VALUES ('R0006', 'B');
INSERT INTO MAINTENANCE_SERVICE(REQID,CATEGORYNAME) VALUES ('R0007', 'B');
INSERT INTO MAINTENANCE_SERVICE(REQID,CATEGORYNAME) VALUES ('R0008', 'A');
INSERT INTO MAINTENANCE_SERVICE(REQID,CATEGORYNAME) VALUES ('R0009', 'C');
INSERT INTO MAINTENANCE_SERVICE(REQID,CATEGORYNAME) VALUES ('R0010', 'A');
INSERT INTO MAINTENANCE_SERVICE(REQID,CATEGORYNAME) VALUES ('R0011', 'A');
INSERT INTO MAINTENANCE_SERVICE(REQID,CATEGORYNAME) VALUES ('R0012', 'A');
INSERT INTO MAINTENANCE_SERVICE(REQID,CATEGORYNAME) VALUES ('R0013', 'B');
INSERT INTO MAINTENANCE_SERVICE(REQID,CATEGORYNAME) VALUES ('R0014', 'B');
INSERT INTO MAINTENANCE_SERVICE(REQID,CATEGORYNAME) VALUES ('R0016', 'C');






INSERT INTO CAR_SPECS(CATEGORY_NAME,MAKE_NAME,MODEL,MILES) VALUES ('A','Toyota','Corolla',5000);
INSERT INTO CAR_SPECS(CATEGORY_NAME,MAKE_NAME,MODEL,MILES) VALUES ('B','Toyota','Corolla',25000);
INSERT INTO CAR_SPECS(CATEGORY_NAME,MAKE_NAME,MODEL,MILES) VALUES ('C','Toyota','Corolla',45000);
INSERT INTO CAR_SPECS(CATEGORY_NAME,MAKE_NAME,MODEL,MILES) VALUES ('A','Toyota','Prius',10000);
INSERT INTO CAR_SPECS(CATEGORY_NAME,MAKE_NAME,MODEL,MILES) VALUES ('B','Toyota','Prius',28000);
INSERT INTO CAR_SPECS(CATEGORY_NAME,MAKE_NAME,MODEL,MILES) VALUES ('C','Toyota','Prius',58000);
INSERT INTO CAR_SPECS(CATEGORY_NAME,MAKE_NAME,MODEL,MILES) VALUES ('A','Nissan','Altima',10000);
INSERT INTO CAR_SPECS(CATEGORY_NAME,MAKE_NAME,MODEL,MILES) VALUES ('B','Nissan','Altima',25000);
INSERT INTO CAR_SPECS(CATEGORY_NAME,MAKE_NAME,MODEL,MILES) VALUES ('C','Nissan','Altima',50000);
INSERT INTO CAR_SPECS(CATEGORY_NAME,MAKE_NAME,MODEL,MILES) VALUES ('A','Nissan','Rogue',10000);
INSERT INTO CAR_SPECS(CATEGORY_NAME,MAKE_NAME,MODEL,MILES) VALUES ('B','Nissan','Rogue',37000);
INSERT INTO CAR_SPECS(CATEGORY_NAME,MAKE_NAME,MODEL,MILES) VALUES ('C','Nissan','Rogue',70000);
INSERT INTO CAR_SPECS(CATEGORY_NAME,MAKE_NAME,MODEL,MILES) VALUES ('A','Honda','Accord',15000);
INSERT INTO CAR_SPECS(CATEGORY_NAME,MAKE_NAME,MODEL,MILES) VALUES ('B','Honda','Accord',37000);
INSERT INTO CAR_SPECS(CATEGORY_NAME,MAKE_NAME,MODEL,MILES) VALUES ('C','Honda','Accord',67000);
INSERT INTO CAR_SPECS(CATEGORY_NAME,MAKE_NAME,MODEL,MILES) VALUES ('A','Honda','Civic',14000);
INSERT INTO CAR_SPECS(CATEGORY_NAME,MAKE_NAME,MODEL,MILES) VALUES ('B','Honda','Civic',29000);
INSERT INTO CAR_SPECS(CATEGORY_NAME,MAKE_NAME,MODEL,MILES) VALUES ('C','Honda','Civic',44000);



INSERT INTO RATE(RATE_TYPE, AMOUNT) VALUES ('high', 65);
INSERT INTO RATE(RATE_TYPE, AMOUNT) VALUES ('low',50);
INSERT INTO BASIC_SERVICE(BASIC_SERVICE_ID,B_NAME, RATE_TYPE, ESTIMATED_TIME) VALUES ('B0001', 'Air filter change', 'low', 0.25);
INSERT INTO BASIC_SERVICE(BASIC_SERVICE_ID, B_NAME,RATE_TYPE, ESTIMATED_TIME) VALUES ('B0002', 'Battery replacement', 'low', 0.25);
INSERT INTO BASIC_SERVICE(BASIC_SERVICE_ID, B_NAME,RATE_TYPE, ESTIMATED_TIME) VALUES ('B0003', 'Brake check', 'low', 0.25);
INSERT INTO BASIC_SERVICE(BASIC_SERVICE_ID, B_NAME,RATE_TYPE, ESTIMATED_TIME) VALUES ('B0004', 'Brake repair', 'low', 0.5);
INSERT INTO BASIC_SERVICE(BASIC_SERVICE_ID, B_NAME,RATE_TYPE, ESTIMATED_TIME) VALUES ('B0005', 'Camshaft replacement', 'high' ,1);
INSERT INTO BASIC_SERVICE(BASIC_SERVICE_ID, B_NAME,RATE_TYPE, ESTIMATED_TIME) VALUES ('B0006', 'Catalytic convertor replacement', 'high', 1);
INSERT INTO BASIC_SERVICE(BASIC_SERVICE_ID, B_NAME,RATE_TYPE, ESTIMATED_TIME) VALUES ('B0007', 'Coolant recycle', 'low', 0.25);
INSERT INTO BASIC_SERVICE(BASIC_SERVICE_ID, B_NAME,RATE_TYPE, ESTIMATED_TIME) VALUES ('B0008', 'Drive belt replacement', 'high', 1);
INSERT INTO BASIC_SERVICE(BASIC_SERVICE_ID, B_NAME,RATE_TYPE, ESTIMATED_TIME) VALUES ('B0009', 'Engine oil change', 'low', 0.25);
INSERT INTO BASIC_SERVICE(BASIC_SERVICE_ID, B_NAME,RATE_TYPE, ESTIMATED_TIME) VALUES ('B0010', 'Gearbox repair', 'high', 1);
INSERT INTO BASIC_SERVICE(BASIC_SERVICE_ID, B_NAME,RATE_TYPE, ESTIMATED_TIME) VALUES ('B0011', 'Headlights replacement', 'low', 0.5);
INSERT INTO BASIC_SERVICE(BASIC_SERVICE_ID, B_NAME,RATE_TYPE, ESTIMATED_TIME) VALUES ('B0012', 'Oil filter change', 'low', 0.25);
INSERT INTO BASIC_SERVICE(BASIC_SERVICE_ID, B_NAME,RATE_TYPE, ESTIMATED_TIME) VALUES ('B0013', 'Piston replacement', 'high', 1);
INSERT INTO BASIC_SERVICE(BASIC_SERVICE_ID, B_NAME,RATE_TYPE, ESTIMATED_TIME) VALUES ('B0014', 'Power steering check', 'low', 0.25);
INSERT INTO BASIC_SERVICE(BASIC_SERVICE_ID, B_NAME,RATE_TYPE, ESTIMATED_TIME) VALUES ('B0015', 'Spark plugs replacement', 'low', 0.25);
INSERT INTO BASIC_SERVICE(BASIC_SERVICE_ID, B_NAME,RATE_TYPE, ESTIMATED_TIME) VALUES ('B0016', 'Suspension check', 'low', 0.25);
INSERT INTO BASIC_SERVICE(BASIC_SERVICE_ID, B_NAME,RATE_TYPE, ESTIMATED_TIME) VALUES ('B0017', 'Tail lights replacement', 'low', 0.5);
INSERT INTO BASIC_SERVICE(BASIC_SERVICE_ID, B_NAME,RATE_TYPE, ESTIMATED_TIME) VALUES ('B0018', 'Turn lights replacement', 'low', 0.5);
INSERT INTO BASIC_SERVICE(BASIC_SERVICE_ID, B_NAME,RATE_TYPE, ESTIMATED_TIME) VALUES ('B0019', 'Valve replacement', 'high', 1);
INSERT INTO BASIC_SERVICE(BASIC_SERVICE_ID, B_NAME,RATE_TYPE, ESTIMATED_TIME) VALUES ('B0020', 'Wheel alignment', 'high', 1);

INSERT INTO BASIC_SERVICE(BASIC_SERVICE_ID, B_NAME,RATE_TYPE, ESTIMATED_TIME) VALUES ('B0021', 'Wiper check', 'low', 0.25);

INSERT INTO LOGIN (USERNAME, PASSWORD, ROLE) VALUES ('950932130', '123', 'manager');

INSERT INTO LOGIN (USERNAME, PASSWORD, ROLE) VALUES ('634622236', '123', 'receptionist');

INSERT INTO LOGIN (USERNAME, PASSWORD, ROLE) VALUES ('291056276', '123', 'manager');

INSERT INTO LOGIN (USERNAME, PASSWORD, ROLE) VALUES ('911639633', '123', 'receptionist');

INSERT INTO LOGIN (USERNAME, PASSWORD, ROLE) VALUES ('ethanhunt@gmail.com', '123', 'customer');

INSERT INTO LOGIN (USERNAME, PASSWORD, ROLE) VALUES ('jarvis@gmail.com', '123', 'customer');

INSERT INTO LOGIN (USERNAME, PASSWORD, ROLE) VALUES ('lovestory@gmail.com', '123', 'customer');

INSERT INTO LOGIN (USERNAME, PASSWORD, ROLE) VALUES ('venus@gmail.com', '123', 'customer');



INSERT INTO INVENTORY VALUES ('P0001','S0001',43,20,5);
INSERT INTO INVENTORY VALUES ('P0001','S0002',46,35,6);
INSERT INTO INVENTORY VALUES ('P0002','S0001',8,5,7);
INSERT INTO INVENTORY VALUES ('P0002','S0002',7,6,10);
INSERT INTO INVENTORY VALUES ('P0003','S0001',20,20,5);
INSERT INTO INVENTORY VALUES ('P0003','S0002',64,52,3);
INSERT INTO INVENTORY VALUES ('P0004','S0001',14,4,6);
INSERT INTO INVENTORY VALUES ('P0004','S0002',15,3,3);
INSERT INTO INVENTORY VALUES ('P0005','S0001',8,4,3);
INSERT INTO INVENTORY VALUES ('P0005','S0002',20,3,5);
INSERT INTO INVENTORY VALUES ('P0006','S0001',22,20,5);
INSERT INTO INVENTORY VALUES ('P0006','S0002',42,42,6);
INSERT INTO INVENTORY VALUES ('P0007','S0001',31,10,5);
INSERT INTO INVENTORY VALUES ('P0007','S0002',29,24,5);
INSERT INTO INVENTORY VALUES ('P0008','S0001',23,23,4);
INSERT INTO INVENTORY VALUES ('P0008','S0002',21,12,4);
INSERT INTO INVENTORY VALUES ('P0009','S0001',35,30,5);
INSERT INTO INVENTORY VALUES ('P0009','S0002',30,23,4);
INSERT INTO INVENTORY VALUES ('P0010','S0001',15,5,5);
INSERT INTO INVENTORY VALUES ('P0010','S0002',26,10,5);
INSERT INTO INVENTORY VALUES ('P0011','S0001',18,3,5);
INSERT INTO INVENTORY VALUES ('P0011','S0002',70,7,5);
INSERT INTO INVENTORY VALUES ('P0012','S0001',12,10,8);
INSERT INTO INVENTORY VALUES ('P0012','S0002',8,6,3);
INSERT INTO INVENTORY VALUES ('P0013','S0001',12,10,8);
INSERT INTO INVENTORY VALUES ('P0013','S0002',8,6,3);
INSERT INTO INVENTORY VALUES ('P0014','S0001',12,10,8);
INSERT INTO INVENTORY VALUES ('P0014','S0002',8,6,3);
INSERT INTO INVENTORY VALUES ('P0015','S0001',11,4,4);
INSERT INTO INVENTORY VALUES ('P0015','S0002',31,24,5);
INSERT INTO INVENTORY VALUES ('P0016','S0001',55,48,2);
INSERT INTO INVENTORY VALUES ('P0016','S0002',81,73,5);
INSERT INTO INVENTORY VALUES ('P0017','S0001',12,7,5);
INSERT INTO INVENTORY VALUES ('P0017','S0002',17,6,4);
INSERT INTO INVENTORY VALUES ('P0018','S0001',45,42,5);
INSERT INTO INVENTORY VALUES ('P0018','S0002',50,32,4);
INSERT INTO INVENTORY VALUES ('P0019','S0001',13,11,5);
INSERT INTO INVENTORY VALUES ('P0019','S0002',15,6,6);
INSERT INTO INVENTORY VALUES ('P0020','S0001',12,7,5);
INSERT INTO INVENTORY VALUES ('P0020','S0002',11,3,6);
INSERT INTO INVENTORY VALUES ('P0021','S0001',12,5,5);
INSERT INTO INVENTORY VALUES ('P0021','S0002',16,13,5);


INSERT INTO INVENTORY VALUES ('P0022','S0001',13,2,5);
INSERT INTO INVENTORY VALUES ('P0022','S0002',26,5,6);
INSERT INTO INVENTORY VALUES ('P0023','S0001',18,5,7);
INSERT INTO INVENTORY VALUES ('P0023','S0002',27,6,10);
INSERT INTO INVENTORY VALUES ('P0024','S0001',10,2,5);
INSERT INTO INVENTORY VALUES ('P0024','S0002',24,2,3);
INSERT INTO INVENTORY VALUES ('P0025','S0001',4,4,6);
INSERT INTO INVENTORY VALUES ('P0025','S0002',25,3,3);
INSERT INTO INVENTORY VALUES ('P0026','S0001',18,4,3);
INSERT INTO INVENTORY VALUES ('P0026','S0002',20,3,5);
INSERT INTO INVENTORY VALUES ('P0027','S0001',12,2,5);
INSERT INTO INVENTORY VALUES ('P0027','S0002',22,2,6);
INSERT INTO INVENTORY VALUES ('P0028','S0001',11,1,5);
INSERT INTO INVENTORY VALUES ('P0028','S0002',29,4,5);
INSERT INTO INVENTORY VALUES ('P0029','S0001',13,2,4);
INSERT INTO INVENTORY VALUES ('P0029','S0002',21,2,4);
INSERT INTO INVENTORY VALUES ('P0030','S0001',15,3,5);
INSERT INTO INVENTORY VALUES ('P0030','S0002',20,3,4);
INSERT INTO INVENTORY VALUES ('P0031','S0001',5,5,5);
INSERT INTO INVENTORY VALUES ('P0031','S0002',26,20,5);
INSERT INTO INVENTORY VALUES ('P0032','S0001',8,3,5);
INSERT INTO INVENTORY VALUES ('P0032','S0002',20,7,5);
INSERT INTO INVENTORY VALUES ('P0033','S0001',2,1,8);
INSERT INTO INVENTORY VALUES ('P0033','S0002',28,6,3);
INSERT INTO INVENTORY VALUES ('P0034','S0001',2,1,8);
INSERT INTO INVENTORY VALUES ('P0034','S0002',28,6,3);
INSERT INTO INVENTORY VALUES ('P0035','S0001',2,1,8);
INSERT INTO INVENTORY VALUES ('P0035','S0002',28,6,3);
INSERT INTO INVENTORY VALUES ('P0036','S0001',1,1,4);
INSERT INTO INVENTORY VALUES ('P0036','S0002',21,4,5);
INSERT INTO INVENTORY VALUES ('P0037','S0001',15,4,2);
INSERT INTO INVENTORY VALUES ('P0037','S0002',21,3,5);
INSERT INTO INVENTORY VALUES ('P0038','S0001',2,1,5);
INSERT INTO INVENTORY VALUES ('P0038','S0002',27,6,4);
INSERT INTO INVENTORY VALUES ('P0039','S0001',15,4,5);
INSERT INTO INVENTORY VALUES ('P0039','S0002',20,2,4);
INSERT INTO INVENTORY VALUES ('P0040','S0001',3,1,5);
INSERT INTO INVENTORY VALUES ('P0040','S0002',25,6,6);
INSERT INTO INVENTORY VALUES ('P0041','S0001',12,7,5);
INSERT INTO INVENTORY VALUES ('P0041','S0002',11,3,6);
INSERT INTO INVENTORY VALUES ('P0042','S0001',12,5,5);
INSERT INTO INVENTORY VALUES ('P0042','S0002',16,13,5);

INSERT INTO INVENTORY VALUES ('P0043','S0001',33,20,5);
INSERT INTO INVENTORY VALUES ('P0043','S0002',16,5,6);
INSERT INTO INVENTORY VALUES ('P0044','S0001',38,5,7);
INSERT INTO INVENTORY VALUES ('P0044','S0002',17,6,10);
INSERT INTO INVENTORY VALUES ('P0045','S0001',30,20,5);
INSERT INTO INVENTORY VALUES ('P0045','S0002',14,5,3);
INSERT INTO INVENTORY VALUES ('P0046','S0001',34,4,6);
INSERT INTO INVENTORY VALUES ('P0046','S0002',15,3,3);
INSERT INTO INVENTORY VALUES ('P0047','S0001',38,4,3);
INSERT INTO INVENTORY VALUES ('P0047','S0002',10,3,5);
INSERT INTO INVENTORY VALUES ('P0048','S0001',32,20,5);
INSERT INTO INVENTORY VALUES ('P0048','S0002',12,4,6);
INSERT INTO INVENTORY VALUES ('P0049','S0001',31,10,5);
INSERT INTO INVENTORY VALUES ('P0049','S0002',19,4,5);
INSERT INTO INVENTORY VALUES ('P0050','S0001',33,23,4);
INSERT INTO INVENTORY VALUES ('P0050','S0002',11,2,4);
INSERT INTO INVENTORY VALUES ('P0051','S0001',35,30,5);
INSERT INTO INVENTORY VALUES ('P0051','S0002',10,3,4);
INSERT INTO INVENTORY VALUES ('P0052','S0001',35,5,5);
INSERT INTO INVENTORY VALUES ('P0052','S0002',16,10,5);
INSERT INTO INVENTORY VALUES ('P0053','S0001',38,3,5);
INSERT INTO INVENTORY VALUES ('P0053','S0002',10,7,5);
INSERT INTO INVENTORY VALUES ('P0054','S0001',32,10,8);
INSERT INTO INVENTORY VALUES ('P0054','S0002',18,6,3);
INSERT INTO INVENTORY VALUES ('P0055','S0001',32,10,8);
INSERT INTO INVENTORY VALUES ('P0055','S0002',18,6,3);
INSERT INTO INVENTORY VALUES ('P0056','S0001',32,10,8);
INSERT INTO INVENTORY VALUES ('P0056','S0002',18,6,3);
INSERT INTO INVENTORY VALUES ('P0057','S0001',31,4,4);
INSERT INTO INVENTORY VALUES ('P0057','S0002',11,4,5);
INSERT INTO INVENTORY VALUES ('P0058','S0001',35,18,2);
INSERT INTO INVENTORY VALUES ('P0058','S0002',11,7,5);
INSERT INTO INVENTORY VALUES ('P0059','S0001',32,7,5);
INSERT INTO INVENTORY VALUES ('P0059','S0002',17,6,4);
INSERT INTO INVENTORY VALUES ('P0060','S0001',35,12,5);
INSERT INTO INVENTORY VALUES ('P0060','S0002',10,2,4);
INSERT INTO INVENTORY VALUES ('P0061','S0001',33,11,5);
INSERT INTO INVENTORY VALUES ('P0061','S0002',15,6,6);
INSERT INTO INVENTORY VALUES ('P0062','S0001',32,7,5);
INSERT INTO INVENTORY VALUES ('P0062','S0002',11,3,6);
INSERT INTO INVENTORY VALUES ('P0063','S0001',12,5,5);
INSERT INTO INVENTORY VALUES ('P0063','S0002',16,13,5);



INSERT INTO FROM_DIST(ORDERID, DISTID, PARTID) VALUES ('O0001', 'D0001', 'P0024');
INSERT INTO FROM_DIST(ORDERID, DISTID, PARTID) VALUES ('O0002', 'D0002', 'P0021');
INSERT INTO FROM_DIST(ORDERID, DISTID, PARTID) VALUES ('O0006', 'D0001', 'P0048');
INSERT INTO FROM_DIST(ORDERID, DISTID, PARTID) VALUES ('O0007', 'D0002', 'P0021');
INSERT INTO FROM_DIST(ORDERID, DISTID, PARTID) VALUES ('O0008', 'D0001', 'P0002');
INSERT INTO FROM_DIST(ORDERID, DISTID, PARTID) VALUES ('O0009', 'D0001', 'P0006');
INSERT INTO FROM_DIST(ORDERID, DISTID, PARTID) VALUES ('O0010', 'D0001', 'P0015');
INSERT INTO FROM_DIST(ORDERID, DISTID, PARTID) VALUES ('O0011', 'D0002', 'P0004');






INSERT INTO FROM_SERVICE_CENTER (ORDERID, SID) VALUES ('O0003', 'S0001');

INSERT INTO FROM_SERVICE_CENTER (ORDERID, SID) VALUES ('O0004', 'S0002');

INSERT INTO FROM_SERVICE_CENTER (ORDERID, SID) VALUES ('O0005', 'S0001');



INSERT INTO COMPOSED_OF VALUES ('A','Toyota','Corolla','B0009');
INSERT INTO COMPOSED_OF VALUES ('A','Toyota','Corolla','B0007');
INSERT INTO COMPOSED_OF VALUES ('B','Toyota','Corolla','B0001');
INSERT INTO COMPOSED_OF VALUES ('B','Toyota','Corolla','B0012');
INSERT INTO COMPOSED_OF VALUES ('B','Toyota','Corolla','B0003');
INSERT INTO COMPOSED_OF VALUES ('B','Toyota','Corolla','B0021');
INSERT INTO COMPOSED_OF VALUES ('B','Toyota','Corolla','B0015');
INSERT INTO COMPOSED_OF VALUES ('C','Toyota','Corolla','B0016');
INSERT INTO COMPOSED_OF VALUES ('C','Toyota','Corolla','B0004');
INSERT INTO COMPOSED_OF VALUES ('C','Toyota','Corolla','B0014');
INSERT INTO COMPOSED_OF VALUES ('A','Toyota','Prius','B0009');
INSERT INTO COMPOSED_OF VALUES ('A','Toyota','Prius','B0012');
INSERT INTO COMPOSED_OF VALUES ('A','Toyota','Prius','B0007');
INSERT INTO COMPOSED_OF VALUES ('B','Toyota','Prius','B0001');
INSERT INTO COMPOSED_OF VALUES ('B','Toyota','Prius','B0003');
INSERT INTO COMPOSED_OF VALUES ('B','Toyota','Prius','B0021');
INSERT INTO COMPOSED_OF VALUES ('B','Toyota','Prius','B0015');
INSERT INTO COMPOSED_OF VALUES ('B','Toyota','Prius','B0002');
INSERT INTO COMPOSED_OF VALUES ('C','Toyota','Prius','B0016');
INSERT INTO COMPOSED_OF VALUES ('C','Toyota','Prius','B0004');
INSERT INTO COMPOSED_OF VALUES ('C','Toyota','Prius','B0014');
INSERT INTO COMPOSED_OF VALUES ('A','Nissan','Altima','B0009');
INSERT INTO COMPOSED_OF VALUES ('A','Nissan','Altima','B0001');
INSERT INTO COMPOSED_OF VALUES ('A','Nissan','Altima','B0012');
INSERT INTO COMPOSED_OF VALUES ('A','Nissan','Altima','B0007');
INSERT INTO COMPOSED_OF VALUES ('B','Nissan','Altima','B0003');
INSERT INTO COMPOSED_OF VALUES ('B','Nissan','Altima','B0021');
INSERT INTO COMPOSED_OF VALUES ('C','Nissan','Altima','B0016');
INSERT INTO COMPOSED_OF VALUES ('C','Nissan','Altima','B0004');
INSERT INTO COMPOSED_OF VALUES ('C','Nissan','Altima','B0014');
INSERT INTO COMPOSED_OF VALUES ('C','Nissan','Altima','B0015');



INSERT INTO COMPOSED_OF VALUES ('A','Nissan','Rogue','B0009');
INSERT INTO COMPOSED_OF VALUES ('A','Nissan','Rogue','B0001');
INSERT INTO COMPOSED_OF VALUES ('A','Nissan','Rogue','B0014');
INSERT INTO COMPOSED_OF VALUES ('A','Nissan','Rogue','B0012');
INSERT INTO COMPOSED_OF VALUES ('A','Nissan','Rogue','B0003');
INSERT INTO COMPOSED_OF VALUES ('A','Nissan','Rogue','B0007');

INSERT INTO COMPOSED_OF VALUES ('B','Nissan','Rogue','B0016');
INSERT INTO COMPOSED_OF VALUES ('B','Nissan','Rogue','B0021');
INSERT INTO COMPOSED_OF VALUES ('B','Nissan','Rogue','B0015');
INSERT INTO COMPOSED_OF VALUES ('C','Nissan','Rogue','B0004');
INSERT INTO COMPOSED_OF VALUES ('C','Nissan','Rogue','B0002');

INSERT INTO COMPOSED_OF VALUES ('A','Honda','Accord','B0009');
INSERT INTO COMPOSED_OF VALUES ('A','Honda','Accord','B0001');
INSERT INTO COMPOSED_OF VALUES ('A','Honda','Accord','B0012');
INSERT INTO COMPOSED_OF VALUES ('A','Honda','Accord','B0007');
INSERT INTO COMPOSED_OF VALUES ('B','Honda','Accord','B0003');
INSERT INTO COMPOSED_OF VALUES ('B','Honda','Accord','B0021');
INSERT INTO COMPOSED_OF VALUES ('B','Honda','Accord','B0015');
INSERT INTO COMPOSED_OF VALUES ('C','Honda','Accord','B0016');
INSERT INTO COMPOSED_OF VALUES ('C','Honda','Accord','B0004');
INSERT INTO COMPOSED_OF VALUES ('C','Honda','Accord','B0014');

INSERT INTO COMPOSED_OF VALUES ('A','Honda','Civic','B0009');
INSERT INTO COMPOSED_OF VALUES ('A','Honda','Civic','B0003');
INSERT INTO COMPOSED_OF VALUES ('A','Honda','Civic','B0007');
INSERT INTO COMPOSED_OF VALUES ('B','Honda','Civic','B0001');
INSERT INTO COMPOSED_OF VALUES ('B','Honda','Civic','B0012');
INSERT INTO COMPOSED_OF VALUES ('B','Honda','Civic','B0004');
INSERT INTO COMPOSED_OF VALUES ('B','Honda','Civic','B0021');
INSERT INTO COMPOSED_OF VALUES ('B','Honda','Civic','B0015');
INSERT INTO COMPOSED_OF VALUES ('C','Honda','Civic','B0016');
INSERT INTO COMPOSED_OF VALUES ('C','Honda','Civic','B0014');




INSERT INTO COMPOSED_OF VALUES ('B','Toyota','Corolla','B0009');
INSERT INTO COMPOSED_OF VALUES ('B','Toyota','Corolla','B0007');

INSERT INTO COMPOSED_OF VALUES ('C','Toyota','Corolla','B0009');
INSERT INTO COMPOSED_OF VALUES ('C','Toyota','Corolla','B0007');
INSERT INTO COMPOSED_OF VALUES ('C','Toyota','Corolla','B0001');
INSERT INTO COMPOSED_OF VALUES ('C','Toyota','Corolla','B0012');
INSERT INTO COMPOSED_OF VALUES ('C','Toyota','Corolla','B0003');
INSERT INTO COMPOSED_OF VALUES ('C','Toyota','Corolla','B0021');
INSERT INTO COMPOSED_OF VALUES ('C','Toyota','Corolla','B0015');

INSERT INTO COMPOSED_OF VALUES ('B','Toyota','Prius','B0009');
INSERT INTO COMPOSED_OF VALUES ('B','Toyota','Prius','B0012');
INSERT INTO COMPOSED_OF VALUES ('B','Toyota','Prius','B0007');

INSERT INTO COMPOSED_OF VALUES ('C','Toyota','Prius','B0009');
INSERT INTO COMPOSED_OF VALUES ('C','Toyota','Prius','B0012');
INSERT INTO COMPOSED_OF VALUES ('C','Toyota','Prius','B0007');
INSERT INTO COMPOSED_OF VALUES ('C','Toyota','Prius','B0001');
INSERT INTO COMPOSED_OF VALUES ('C','Toyota','Prius','B0003');
INSERT INTO COMPOSED_OF VALUES ('C','Toyota','Prius','B0021');
INSERT INTO COMPOSED_OF VALUES ('C','Toyota','Prius','B0015');
INSERT INTO COMPOSED_OF VALUES ('C','Toyota','Prius','B0002');

INSERT INTO COMPOSED_OF VALUES ('B','Nissan','Altima','B0009');
INSERT INTO COMPOSED_OF VALUES ('B','Nissan','Altima','B0001');
INSERT INTO COMPOSED_OF VALUES ('B','Nissan','Altima','B0012');
INSERT INTO COMPOSED_OF VALUES ('B','Nissan','Altima','B0007');

INSERT INTO COMPOSED_OF VALUES ('C','Nissan','Altima','B0009');
INSERT INTO COMPOSED_OF VALUES ('C','Nissan','Altima','B0001');
INSERT INTO COMPOSED_OF VALUES ('C','Nissan','Altima','B0012');
INSERT INTO COMPOSED_OF VALUES ('C','Nissan','Altima','B0007');
INSERT INTO COMPOSED_OF VALUES ('C','Nissan','Altima','B0003');
INSERT INTO COMPOSED_OF VALUES ('C','Nissan','Altima','B0021');



INSERT INTO COMPOSED_OF VALUES ('B','Nissan','Rogue','B0009');
INSERT INTO COMPOSED_OF VALUES ('B','Nissan','Rogue','B0001');
INSERT INTO COMPOSED_OF VALUES ('B','Nissan','Rogue','B0014');
INSERT INTO COMPOSED_OF VALUES ('B','Nissan','Rogue','B0012');
INSERT INTO COMPOSED_OF VALUES ('B','Nissan','Rogue','B0003');
INSERT INTO COMPOSED_OF VALUES ('B','Nissan','Rogue','B0007');


INSERT INTO COMPOSED_OF VALUES ('C','Nissan','Rogue','B0009');
INSERT INTO COMPOSED_OF VALUES ('C','Nissan','Rogue','B0001');
INSERT INTO COMPOSED_OF VALUES ('C','Nissan','Rogue','B0014');
INSERT INTO COMPOSED_OF VALUES ('C','Nissan','Rogue','B0012');
INSERT INTO COMPOSED_OF VALUES ('C','Nissan','Rogue','B0003');
INSERT INTO COMPOSED_OF VALUES ('C','Nissan','Rogue','B0007');
INSERT INTO COMPOSED_OF VALUES ('C','Nissan','Rogue','B0016');
INSERT INTO COMPOSED_OF VALUES ('C','Nissan','Rogue','B0021');
INSERT INTO COMPOSED_OF VALUES ('C','Nissan','Rogue','B0015');




INSERT INTO COMPOSED_OF VALUES ('B','Honda','Accord','B0009');
INSERT INTO COMPOSED_OF VALUES ('B','Honda','Accord','B0001');
INSERT INTO COMPOSED_OF VALUES ('B','Honda','Accord','B0012');
INSERT INTO COMPOSED_OF VALUES ('B','Honda','Accord','B0007');

INSERT INTO COMPOSED_OF VALUES ('C','Honda','Accord','B0009');
INSERT INTO COMPOSED_OF VALUES ('C','Honda','Accord','B0001');
INSERT INTO COMPOSED_OF VALUES ('C','Honda','Accord','B0012');
INSERT INTO COMPOSED_OF VALUES ('C','Honda','Accord','B0007');
INSERT INTO COMPOSED_OF VALUES ('C','Honda','Accord','B0003');
INSERT INTO COMPOSED_OF VALUES ('C','Honda','Accord','B0021');
INSERT INTO COMPOSED_OF VALUES ('C','Honda','Accord','B0015');



INSERT INTO COMPOSED_OF VALUES ('B','Honda','Civic','B0009');
INSERT INTO COMPOSED_OF VALUES ('B','Honda','Civic','B0003');
INSERT INTO COMPOSED_OF VALUES ('B','Honda','Civic','B0007');


INSERT INTO COMPOSED_OF VALUES ('C','Honda','Civic','B0009');
INSERT INTO COMPOSED_OF VALUES ('C','Honda','Civic','B0003');
INSERT INTO COMPOSED_OF VALUES ('C','Honda','Civic','B0007');
INSERT INTO COMPOSED_OF VALUES ('C','Honda','Civic','B0001');
INSERT INTO COMPOSED_OF VALUES ('C','Honda','Civic','B0012');
INSERT INTO COMPOSED_OF VALUES ('C','Honda','Civic','B0004');
INSERT INTO COMPOSED_OF VALUES ('C','Honda','Civic','B0021');
INSERT INTO COMPOSED_OF VALUES ('C','Honda','Civic','B0015');








INSERT INTO USES VALUES ('B0001','P0001');
INSERT INTO USES VALUES ('B0001','P0022');
INSERT INTO USES VALUES ('B0001','P0043');
INSERT INTO USES VALUES ('B0002','P0003');
INSERT INTO USES VALUES ('B0002','P0024');
INSERT INTO USES VALUES ('B0002','P0045');
INSERT INTO USES VALUES ('B0003','P0004');
INSERT INTO USES VALUES ('B0003','P0025');
INSERT INTO USES VALUES ('B0003','P0046');
INSERT INTO USES VALUES ('B0004','P0005');
INSERT INTO USES VALUES ('B0004','P0026');
INSERT INTO USES VALUES ('B0004','P0047');
INSERT INTO USES VALUES ('B0005','P0006');
INSERT INTO USES VALUES ('B0005','P0027');
INSERT INTO USES VALUES ('B0005','P0048');
INSERT INTO USES VALUES ('B0006','P0007');
INSERT INTO USES VALUES ('B0006','P0028');
INSERT INTO USES VALUES ('B0006','P0049');
INSERT INTO USES VALUES ('B0007','P0008');
INSERT INTO USES VALUES ('B0007','P0029');
INSERT INTO USES VALUES ('B0007','P0040');
INSERT INTO USES VALUES ('B0008','P0009');
INSERT INTO USES VALUES ('B0008','P0030');
INSERT INTO USES VALUES ('B0008','P0051');
INSERT INTO USES VALUES ('B0009','P0010');
INSERT INTO USES VALUES ('B0009','P0031');
INSERT INTO USES VALUES ('B0009','P0052');
INSERT INTO USES VALUES ('B0010','P0011');
INSERT INTO USES VALUES ('B0010','P0032');
INSERT INTO USES VALUES ('B0010','P0053');
INSERT INTO USES VALUES ('B0011','P0012');
INSERT INTO USES VALUES ('B0011','P0033');
INSERT INTO USES VALUES ('B0011','P0054');
INSERT INTO USES VALUES ('B0012','P0015');
INSERT INTO USES VALUES ('B0012','P0036');
INSERT INTO USES VALUES ('B0012','P0057');
INSERT INTO USES VALUES ('B0013','P0016');
INSERT INTO USES VALUES ('B0013','P0037');
INSERT INTO USES VALUES ('B0013','P0058');
INSERT INTO USES VALUES ('B0014','P0017');
INSERT INTO USES VALUES ('B0014','P0038');
INSERT INTO USES VALUES ('B0014','P0059');
INSERT INTO USES VALUES ('B0015','P0018');
INSERT INTO USES VALUES ('B0015','P0039');
INSERT INTO USES VALUES ('B0015','P0060');
INSERT INTO USES VALUES ('B0016','P0019');
INSERT INTO USES VALUES ('B0016','P0040');
INSERT INTO USES VALUES ('B0016','P0061');
INSERT INTO USES VALUES ('B0017','P0013');
INSERT INTO USES VALUES ('B0017','P0034');
INSERT INTO USES VALUES ('B0017','P0055');
INSERT INTO USES VALUES ('B0018','P0014');
INSERT INTO USES VALUES ('B0018','P0035');
INSERT INTO USES VALUES ('B0018','P0056');
INSERT INTO USES VALUES ('B0019','P0020');
INSERT INTO USES VALUES ('B0019','P0041');
INSERT INTO USES VALUES ('B0019','P0062');
INSERT INTO USES VALUES ('B0020','P0002');
INSERT INTO USES VALUES ('B0020','P0023');
INSERT INTO USES VALUES ('B0020','P0044');
INSERT INTO USES VALUES ('B0021','P0021');
INSERT INTO USES VALUES ('B0021','P0042');
INSERT INTO USES VALUES ('B0021','P0063');





INSERT INTO CONTAINS(PARTID,MAKE_NAME,MODEL,COUNT) VALUES('P0001','Honda','Civic',1);
INSERT INTO CONTAINS(PARTID,MAKE_NAME,MODEL,COUNT) VALUES('P0002','Honda','Civic',2);
INSERT INTO CONTAINS(PARTID,MAKE_NAME,MODEL,COUNT) VALUES('P0003','Honda','Civic',1);
INSERT INTO CONTAINS(PARTID,MAKE_NAME,MODEL,COUNT) VALUES('P0004','Honda','Civic',1);
INSERT INTO CONTAINS(PARTID,MAKE_NAME,MODEL,COUNT) VALUES('P0005','Honda','Civic',4);
INSERT INTO CONTAINS(PARTID,MAKE_NAME,MODEL,COUNT) VALUES('P0006','Honda','Civic',1);
INSERT INTO CONTAINS(PARTID,MAKE_NAME,MODEL,COUNT) VALUES('P0007','Honda','Civic',1);
INSERT INTO CONTAINS(PARTID,MAKE_NAME,MODEL,COUNT) VALUES('P0008','Honda','Civic',1);
INSERT INTO CONTAINS(PARTID,MAKE_NAME,MODEL,COUNT) VALUES('P0009','Honda','Civic',1);
INSERT INTO CONTAINS(PARTID,MAKE_NAME,MODEL,COUNT) VALUES('P0010','Honda','Civic',1);
INSERT INTO CONTAINS(PARTID,MAKE_NAME,MODEL,COUNT) VALUES('P0011','Honda','Civic',12);
INSERT INTO CONTAINS(PARTID,MAKE_NAME,MODEL,COUNT) VALUES('P0012','Honda','Civic',2);
INSERT INTO CONTAINS(PARTID,MAKE_NAME,MODEL,COUNT) VALUES('P0013','Honda','Civic',2);
INSERT INTO CONTAINS(PARTID,MAKE_NAME,MODEL,COUNT) VALUES('P0014','Honda','Civic',4);
INSERT INTO CONTAINS(PARTID,MAKE_NAME,MODEL,COUNT) VALUES('P0015','Honda','Civic',1);
INSERT INTO CONTAINS(PARTID,MAKE_NAME,MODEL,COUNT) VALUES('P0016','Honda','Civic',4);
INSERT INTO CONTAINS(PARTID,MAKE_NAME,MODEL,COUNT) VALUES('P0017','Honda','Civic',1);
INSERT INTO CONTAINS(PARTID,MAKE_NAME,MODEL,COUNT) VALUES('P0018','Honda','Civic',4);
INSERT INTO CONTAINS(PARTID,MAKE_NAME,MODEL,COUNT) VALUES('P0019','Honda','Civic',1);
INSERT INTO CONTAINS(PARTID,MAKE_NAME,MODEL,COUNT) VALUES('P0020','Honda','Civic',4);
INSERT INTO CONTAINS(PARTID,MAKE_NAME,MODEL,COUNT) VALUES('P0021','Honda','Civic',1);




INSERT INTO CONTAINS(PARTID,MAKE_NAME,MODEL,COUNT) VALUES('P0001','Honda','Accord',2);
INSERT INTO CONTAINS(PARTID,MAKE_NAME,MODEL,COUNT) VALUES('P0002','Honda','Accord',2);
INSERT INTO CONTAINS(PARTID,MAKE_NAME,MODEL,COUNT) VALUES('P0003','Honda','Accord',1);
INSERT INTO CONTAINS(PARTID,MAKE_NAME,MODEL,COUNT) VALUES('P0004','Honda','Accord',1);
INSERT INTO CONTAINS(PARTID,MAKE_NAME,MODEL,COUNT) VALUES('P0005','Honda','Accord',4);
INSERT INTO CONTAINS(PARTID,MAKE_NAME,MODEL,COUNT) VALUES('P0006','Honda','Accord',1);
INSERT INTO CONTAINS(PARTID,MAKE_NAME,MODEL,COUNT) VALUES('P0007','Honda','Accord',1);
INSERT INTO CONTAINS(PARTID,MAKE_NAME,MODEL,COUNT) VALUES('P0008','Honda','Accord',1);
INSERT INTO CONTAINS(PARTID,MAKE_NAME,MODEL,COUNT) VALUES('P0009','Honda','Accord',1);
INSERT INTO CONTAINS(PARTID,MAKE_NAME,MODEL,COUNT) VALUES('P0010','Honda','Accord',1);
INSERT INTO CONTAINS(PARTID,MAKE_NAME,MODEL,COUNT) VALUES('P0011','Honda','Accord',7);
INSERT INTO CONTAINS(PARTID,MAKE_NAME,MODEL,COUNT) VALUES('P0012','Honda','Accord',2);
INSERT INTO CONTAINS(PARTID,MAKE_NAME,MODEL,COUNT) VALUES('P0013','Honda','Accord',2);
INSERT INTO CONTAINS(PARTID,MAKE_NAME,MODEL,COUNT) VALUES('P0014','Honda','Accord',4);
INSERT INTO CONTAINS(PARTID,MAKE_NAME,MODEL,COUNT) VALUES('P0015','Honda','Accord',1);
INSERT INTO CONTAINS(PARTID,MAKE_NAME,MODEL,COUNT) VALUES('P0016','Honda','Accord',4);
INSERT INTO CONTAINS(PARTID,MAKE_NAME,MODEL,COUNT) VALUES('P0017','Honda','Accord',1);
INSERT INTO CONTAINS(PARTID,MAKE_NAME,MODEL,COUNT) VALUES('P0018','Honda','Accord',4);
INSERT INTO CONTAINS(PARTID,MAKE_NAME,MODEL,COUNT) VALUES('P0019','Honda','Accord',1);
INSERT INTO CONTAINS(PARTID,MAKE_NAME,MODEL,COUNT) VALUES('P0020','Honda','Accord',4);
INSERT INTO CONTAINS(PARTID,MAKE_NAME,MODEL,COUNT) VALUES('P0021','Honda','Accord',1);






INSERT INTO CONTAINS(PARTID,MAKE_NAME,MODEL,COUNT) VALUES('P0022','Toyota','Corolla',1);
INSERT INTO CONTAINS(PARTID,MAKE_NAME,MODEL,COUNT) VALUES('P0023','Toyota','Corolla',2);
INSERT INTO CONTAINS(PARTID,MAKE_NAME,MODEL,COUNT) VALUES('P0024','Toyota','Corolla',1);
INSERT INTO CONTAINS(PARTID,MAKE_NAME,MODEL,COUNT) VALUES('P0025','Toyota','Corolla',1);
INSERT INTO CONTAINS(PARTID,MAKE_NAME,MODEL,COUNT) VALUES('P0026','Toyota','Corolla',4);
INSERT INTO CONTAINS(PARTID,MAKE_NAME,MODEL,COUNT) VALUES('P0027','Toyota','Corolla',1);
INSERT INTO CONTAINS(PARTID,MAKE_NAME,MODEL,COUNT) VALUES('P0028','Toyota','Corolla',1);
INSERT INTO CONTAINS(PARTID,MAKE_NAME,MODEL,COUNT) VALUES('P0029','Toyota','Corolla',1);
INSERT INTO CONTAINS(PARTID,MAKE_NAME,MODEL,COUNT) VALUES('P0030','Toyota','Corolla',1);
INSERT INTO CONTAINS(PARTID,MAKE_NAME,MODEL,COUNT) VALUES('P0031','Toyota','Corolla',1);
INSERT INTO CONTAINS(PARTID,MAKE_NAME,MODEL,COUNT) VALUES('P0032','Toyota','Corolla',6);
INSERT INTO CONTAINS(PARTID,MAKE_NAME,MODEL,COUNT) VALUES('P0033','Toyota','Corolla',2);
INSERT INTO CONTAINS(PARTID,MAKE_NAME,MODEL,COUNT) VALUES('P0034','Toyota','Corolla',2);
INSERT INTO CONTAINS(PARTID,MAKE_NAME,MODEL,COUNT) VALUES('P0035','Toyota','Corolla',4);
INSERT INTO CONTAINS(PARTID,MAKE_NAME,MODEL,COUNT) VALUES('P0036','Toyota','Corolla',1);
INSERT INTO CONTAINS(PARTID,MAKE_NAME,MODEL,COUNT) VALUES('P0037','Toyota','Corolla',4);
INSERT INTO CONTAINS(PARTID,MAKE_NAME,MODEL,COUNT) VALUES('P0038','Toyota','Corolla',1);
INSERT INTO CONTAINS(PARTID,MAKE_NAME,MODEL,COUNT) VALUES('P0039','Toyota','Corolla',4);
INSERT INTO CONTAINS(PARTID,MAKE_NAME,MODEL,COUNT) VALUES('P0040','Toyota','Corolla',1);
INSERT INTO CONTAINS(PARTID,MAKE_NAME,MODEL,COUNT) VALUES('P0041','Toyota','Corolla',4);
INSERT INTO CONTAINS(PARTID,MAKE_NAME,MODEL,COUNT) VALUES('P0042','Toyota','Corolla',1);







INSERT INTO CONTAINS(PARTID,MAKE_NAME,MODEL,COUNT) VALUES('P0022','Toyota','Prius',1);
INSERT INTO CONTAINS(PARTID,MAKE_NAME,MODEL,COUNT) VALUES('P0023','Toyota','Prius',2);
INSERT INTO CONTAINS(PARTID,MAKE_NAME,MODEL,COUNT) VALUES('P0024','Toyota','Prius',1);
INSERT INTO CONTAINS(PARTID,MAKE_NAME,MODEL,COUNT) VALUES('P0025','Toyota','Prius',1);
INSERT INTO CONTAINS(PARTID,MAKE_NAME,MODEL,COUNT) VALUES('P0026','Toyota','Prius',4);
INSERT INTO CONTAINS(PARTID,MAKE_NAME,MODEL,COUNT) VALUES('P0027','Toyota','Prius',1);
INSERT INTO CONTAINS(PARTID,MAKE_NAME,MODEL,COUNT) VALUES('P0028','Toyota','Prius',1);
INSERT INTO CONTAINS(PARTID,MAKE_NAME,MODEL,COUNT) VALUES('P0029','Toyota','Prius',1);
INSERT INTO CONTAINS(PARTID,MAKE_NAME,MODEL,COUNT) VALUES('P0030','Toyota','Prius',1);
INSERT INTO CONTAINS(PARTID,MAKE_NAME,MODEL,COUNT) VALUES('P0031','Toyota','Prius',1);
INSERT INTO CONTAINS(PARTID,MAKE_NAME,MODEL,COUNT) VALUES('P0032','Toyota','Prius',6);
INSERT INTO CONTAINS(PARTID,MAKE_NAME,MODEL,COUNT) VALUES('P0033','Toyota','Prius',2);
INSERT INTO CONTAINS(PARTID,MAKE_NAME,MODEL,COUNT) VALUES('P0034','Toyota','Prius',2);
INSERT INTO CONTAINS(PARTID,MAKE_NAME,MODEL,COUNT) VALUES('P0035','Toyota','Prius',4);
INSERT INTO CONTAINS(PARTID,MAKE_NAME,MODEL,COUNT) VALUES('P0036','Toyota','Prius',1);
INSERT INTO CONTAINS(PARTID,MAKE_NAME,MODEL,COUNT) VALUES('P0037','Toyota','Prius',4);
INSERT INTO CONTAINS(PARTID,MAKE_NAME,MODEL,COUNT) VALUES('P0038','Toyota','Prius',1);
INSERT INTO CONTAINS(PARTID,MAKE_NAME,MODEL,COUNT) VALUES('P0039','Toyota','Prius',4);
INSERT INTO CONTAINS(PARTID,MAKE_NAME,MODEL,COUNT) VALUES('P0040','Toyota','Prius',1);
INSERT INTO CONTAINS(PARTID,MAKE_NAME,MODEL,COUNT) VALUES('P0041','Toyota','Prius',4);
INSERT INTO CONTAINS(PARTID,MAKE_NAME,MODEL,COUNT) VALUES('P0042','Toyota','Prius',1);






INSERT INTO CONTAINS(PARTID,MAKE_NAME,MODEL,COUNT) VALUES('P0043','Nissan','Altima',1);
INSERT INTO CONTAINS(PARTID,MAKE_NAME,MODEL,COUNT) VALUES('P0044','Nissan','Altima',2);
INSERT INTO CONTAINS(PARTID,MAKE_NAME,MODEL,COUNT) VALUES('P0045','Nissan','Altima',1);
INSERT INTO CONTAINS(PARTID,MAKE_NAME,MODEL,COUNT) VALUES('P0046','Nissan','Altima',1);
INSERT INTO CONTAINS(PARTID,MAKE_NAME,MODEL,COUNT) VALUES('P0047','Nissan','Altima',4);
INSERT INTO CONTAINS(PARTID,MAKE_NAME,MODEL,COUNT) VALUES('P0048','Nissan','Altima',1);
INSERT INTO CONTAINS(PARTID,MAKE_NAME,MODEL,COUNT) VALUES('P0049','Nissan','Altima',1);
INSERT INTO CONTAINS(PARTID,MAKE_NAME,MODEL,COUNT) VALUES('P0050','Nissan','Altima',2);
INSERT INTO CONTAINS(PARTID,MAKE_NAME,MODEL,COUNT) VALUES('P0051','Nissan','Altima',1);
INSERT INTO CONTAINS(PARTID,MAKE_NAME,MODEL,COUNT) VALUES('P0052','Nissan','Altima',2);
INSERT INTO CONTAINS(PARTID,MAKE_NAME,MODEL,COUNT) VALUES('P0053','Nissan','Altima',7);
INSERT INTO CONTAINS(PARTID,MAKE_NAME,MODEL,COUNT) VALUES('P0054','Nissan','Altima',2);
INSERT INTO CONTAINS(PARTID,MAKE_NAME,MODEL,COUNT) VALUES('P0055','Nissan','Altima',2);
INSERT INTO CONTAINS(PARTID,MAKE_NAME,MODEL,COUNT) VALUES('P0056','Nissan','Altima',4);
INSERT INTO CONTAINS(PARTID,MAKE_NAME,MODEL,COUNT) VALUES('P0057','Nissan','Altima',1);
INSERT INTO CONTAINS(PARTID,MAKE_NAME,MODEL,COUNT) VALUES('P0058','Nissan','Altima',6);
INSERT INTO CONTAINS(PARTID,MAKE_NAME,MODEL,COUNT) VALUES('P0059','Nissan','Altima',1);
INSERT INTO CONTAINS(PARTID,MAKE_NAME,MODEL,COUNT) VALUES('P0060','Nissan','Altima',6);
INSERT INTO CONTAINS(PARTID,MAKE_NAME,MODEL,COUNT) VALUES('P0061','Nissan','Altima',1);
INSERT INTO CONTAINS(PARTID,MAKE_NAME,MODEL,COUNT) VALUES('P0062','Nissan','Altima',6);
INSERT INTO CONTAINS(PARTID,MAKE_NAME,MODEL,COUNT) VALUES('P0063','Nissan','Altima',1);







INSERT INTO CONTAINS(PARTID,MAKE_NAME,MODEL,COUNT) VALUES('P0043','Nissan','Rogue',3);
INSERT INTO CONTAINS(PARTID,MAKE_NAME,MODEL,COUNT) VALUES('P0044','Nissan','Rogue',2);
INSERT INTO CONTAINS(PARTID,MAKE_NAME,MODEL,COUNT) VALUES('P0045','Nissan','Rogue',2);
INSERT INTO CONTAINS(PARTID,MAKE_NAME,MODEL,COUNT) VALUES('P0046','Nissan','Rogue',2);
INSERT INTO CONTAINS(PARTID,MAKE_NAME,MODEL,COUNT) VALUES('P0047','Nissan','Rogue',4);
INSERT INTO CONTAINS(PARTID,MAKE_NAME,MODEL,COUNT) VALUES('P0048','Nissan','Rogue',2);
INSERT INTO CONTAINS(PARTID,MAKE_NAME,MODEL,COUNT) VALUES('P0049','Nissan','Rogue',1);
INSERT INTO CONTAINS(PARTID,MAKE_NAME,MODEL,COUNT) VALUES('P0050','Nissan','Rogue',2);
INSERT INTO CONTAINS(PARTID,MAKE_NAME,MODEL,COUNT) VALUES('P0051','Nissan','Rogue',1);
INSERT INTO CONTAINS(PARTID,MAKE_NAME,MODEL,COUNT) VALUES('P0052','Nissan','Rogue',3);
INSERT INTO CONTAINS(PARTID,MAKE_NAME,MODEL,COUNT) VALUES('P0053','Nissan','Rogue',9);
INSERT INTO CONTAINS(PARTID,MAKE_NAME,MODEL,COUNT) VALUES('P0054','Nissan','Rogue',2);
INSERT INTO CONTAINS(PARTID,MAKE_NAME,MODEL,COUNT) VALUES('P0055','Nissan','Rogue',2);
INSERT INTO CONTAINS(PARTID,MAKE_NAME,MODEL,COUNT) VALUES('P0056','Nissan','Rogue',4);
INSERT INTO CONTAINS(PARTID,MAKE_NAME,MODEL,COUNT) VALUES('P0057','Nissan','Rogue',2);
INSERT INTO CONTAINS(PARTID,MAKE_NAME,MODEL,COUNT) VALUES('P0058','Nissan','Rogue',8);
INSERT INTO CONTAINS(PARTID,MAKE_NAME,MODEL,COUNT) VALUES('P0059','Nissan','Rogue',1);
INSERT INTO CONTAINS(PARTID,MAKE_NAME,MODEL,COUNT) VALUES('P0060','Nissan','Rogue',8);
INSERT INTO CONTAINS(PARTID,MAKE_NAME,MODEL,COUNT) VALUES('P0061','Nissan','Rogue',1);
INSERT INTO CONTAINS(PARTID,MAKE_NAME,MODEL,COUNT) VALUES('P0062','Nissan','Rogue',8);
INSERT INTO CONTAINS(PARTID,MAKE_NAME,MODEL,COUNT) VALUES('P0063','Nissan','Rogue',1);




INSERT INTO REPAIR_NAME(R_NAME,DIAGNOSTICS,D_FEE) VALUES('Engine knock','Timing issue',75);
INSERT INTO REPAIR_NAME(R_NAME,DIAGNOSTICS,D_FEE) VALUES('Car drifts in a particular direction','Wheel alignment issue',50);
INSERT INTO REPAIR_NAME(R_NAME,DIAGNOSTICS,D_FEE) VALUES('Battery does not hold charge','Battery needs replacement',25);
INSERT INTO REPAIR_NAME(R_NAME,DIAGNOSTICS,D_FEE) VALUES('Black/unclean exhaust','Bad catalytic convertor and filters',75);
INSERT INTO REPAIR_NAME(R_NAME,DIAGNOSTICS,D_FEE) VALUES('A/C-Heater not working','Drive belt damaged, coolant not enough, weak battery',50);
INSERT INTO REPAIR_NAME(R_NAME,DIAGNOSTICS,D_FEE) VALUES('Headlamps/Tail lamps not working','Light assembly damaged',30);
INSERT INTO REPAIR_NAME(R_NAME,DIAGNOSTICS,D_FEE) VALUES('Check engine light','Gearbox and Torque convertor issue',100);



INSERT INTO REPAIR_SERVICE(REQID,R_NAME) VALUES('R0002','Engine knock');
INSERT INTO REPAIR_SERVICE(REQID,R_NAME) VALUES('R0003','A/C-Heater not working');
INSERT INTO REPAIR_SERVICE(REQID,R_NAME) VALUES('R0004','Headlamps/Tail lamps not working');
INSERT INTO REPAIR_SERVICE(REQID,R_NAME) VALUES('R0015','Battery does not hold charge');



INSERT INTO REPAIR VALUES ('Engine knock','B0008');
INSERT INTO REPAIR VALUES ('Engine knock','B0015');
INSERT INTO REPAIR VALUES ('Engine knock','B0005');
INSERT INTO REPAIR VALUES ('Engine knock','B0019');
INSERT INTO REPAIR VALUES ('Car drifts in a particular direction','B0020');
INSERT INTO REPAIR VALUES ('Battery does not hold charge','B0002');
INSERT INTO REPAIR VALUES ('Black/unclean exhaust','B0001');
INSERT INTO REPAIR VALUES ('Black/unclean exhaust','B0012');
INSERT INTO REPAIR VALUES ('Black/unclean exhaust','B0006');
INSERT INTO REPAIR VALUES ('A/C-Heater not working','B0008');
INSERT INTO REPAIR VALUES ('A/C-Heater not working','B0007');
INSERT INTO REPAIR VALUES ('A/C-Heater not working','B0002');
INSERT INTO REPAIR VALUES ('Headlamps/Tail lamps not working','B0011');
INSERT INTO REPAIR VALUES ('Headlamps/Tail lamps not working','B0017');
INSERT INTO REPAIR VALUES ('Headlamps/Tail lamps not working','B0018');
INSERT INTO REPAIR VALUES ('Check engine light','B0013');
INSERT INTO REPAIR VALUES ('Check engine light','B0010');
INSERT INTO REPAIR VALUES ('Check engine light','B0005');
INSERT INTO REPAIR VALUES ('Check engine light','B0019');

